,,Demand Variability,,,Lead Time Variability,,,,,,,,,,,,,,
,,20%,,,10%,,,,,,,,,,,,,,
I/C,Description,2026 Demand, Weekly Demand ,Std Cost,Lead Time (weeks), SOQ (Qty) , Average Receipt Qty , Comments , LT Demand , Safety Stock , Min , Max , Average , Min $ , Max $ , Average $ ,Primary Cust, Primary Cust % ,Total Cust Count
ABS-2160,Cycoloy XCY620S BK1005," 33,399 ", 642 , $3.00 ,8," 1,100 "," 1,166 ",," 5,138 "," 1,542 "," 1,542 "," 2,642 "," 2,092 "," $4,625 "," $7,925 "," $6,275 ","Decostar Industries, Inc.",98%,2
ABS-6001,Pulse 2000EZ PC/ABS BLACK," 10,646 ", 205 , $2.10 ,6," 1,653 "," 3,281 ",," 1,228 ", 369 , 369 ," 2,022 "," 1,195 ", $774 ," $4,245 "," $2,510 ",Mahle Thermal and Fluid Systems Mt Sterling Inc,100%,1
ABS-6100,Anjacom R050/7020 BK," 58,457 "," 1,124 ", $2.10 ,4," 4,400 "," 5,826 ",," 4,497 "," 1,349 "," 1,349 "," 5,749 "," 3,549 "," $2,826 "," $12,044 "," $7,435 ","Decostar Industries, Inc.",100%,1
ABS-6110,Anjacom ABS 050 7020 Natural 0000," 23,505 ", 452 , $2.68 ,4," 2,200 "," 2,513 ",," 1,808 ", 542 , 542 ," 2,742 "," 1,642 "," $1,454 "," $7,350 "," $4,402 ","Decostar Industries, Inc.",100%,1
ACE-1400,DELRIN 570 NC-000 NATURAL," 1,200 ", 23 , $4.95 ,8, 220 , 110 ,, 185 , 55 , 55 , 275 , 165 , $274 ," $1,363 ", $819 ,Standard Motor Products,100%,1
ACE-1500,DELRIN 577 BLACK, 267 , 5 , $3.38 ,4, 50 ,#DIV/0!,, 21 , 6 , 6 , 56 , 31 , $21 , $190 , $105 ,Standard Motor Products,100%,1
ACE-2000,CELCON M-90 NATURAL," 142,269 "," 2,736 ", $1.30 ,6," 4,400 "," 4,299 ",," 16,416 "," 4,925 "," 4,925 "," 9,325 "," 7,125 "," $6,402 "," $12,122 "," $9,262 ","Detroit Thermal Systems, LLC",100%,1
ACE-3100,CELCON M90 BLACK," 96,804 "," 1,862 ", $1.27 ,6," 2,200 "," 2,082 ",," 11,170 "," 3,351 "," 3,351 "," 5,551 "," 4,451 "," $4,256 "," $7,050 "," $5,653 ","Detroit Thermal Systems, LLC",100%,2
ASA-1000,Luran S778T UV BK28214," 10,199 ", 196 , $1.83 ,6," 1,653 "," 1,601 ",," 1,177 ", 353 , 353 ," 2,006 "," 1,180 ", $646 ," $3,671 "," $2,159 ","Decostar Industries, Inc.",100%,1
CLR-3100,Black 7491-1-Y," 3,373 ", 65 , $1.25 ,1," 1,400 "," 1,400 ",, 65 , 19 , 19 ," 1,419 ", 719 , $24 ," $1,774 ", $899 ,BORGWARNER ITHACA LLC,100%,1
CLR-8300,OmniColor UN1693 Banana, 4 , 0 , $51.20 ,3, 30 ,#DIV/0!,, 0 , 0 , 0 , 30 , 15 , $4 ," $1,540 ", $772 ,BORGWARNER ITHACA LLC,100%,1
CLR-8900,RC89622 Purple Colorant, 8 , 0 , $8.22 ,8, 10 , 10 ,, 1 , 0 , 0 , 10 , 5 , $3 , $85 , $44 ,BorgWarner Poland Sp.z o.o.,100%,1
CLR-9000,OC5SAD Omnicolor Powder Blue UN5009, 176 , 3 , $13.35 ,3, 30 , 50 ,, 10 , 3 , 3 , 33 , 18 , $41 , $441 , $241 ,BorgWarner Morse Systems Mexic,44%,4
CLR-9300,50-905 Deep Black," 1,442 ", 28 , $2.97 ,3," 1,000 "," 1,000 ",, 83 , 25 , 25 ," 1,025 ", 525 , $74 ," $3,044 "," $1,559 ",BORGWARNER ITHACA LLC,100%,1
CLR-9470,OC9UFA Omnicolor Black, 23 , 0 , $10.63 ,3, 30 ,#DIV/0!,, 1 , 0 , 0 , 30 , 15 , $4 , $323 , $164 ,BORGWARNER ITHACA LLC,100%,1
INS-0005,13540283-5 Rev G Compression Spring," 170,132 "," 3,272 ", $0.65 ,16," 40,000 "," 39,333 ",," 52,348 "," 15,704 "," 15,704 "," 55,704 "," 35,704 "," $10,208 "," $36,208 "," $23,208 ",Lockheed Martin Corporation,100%,1
INS-0009,13540283-2 Rev G COMPRESSION SPRING," 67,846 "," 1,305 ", $0.62 ,16," 19,000 "," 19,000 ",," 20,876 "," 6,263 "," 6,263 "," 25,263 "," 15,763 "," $3,883 "," $15,663 "," $9,773 ",Lockheed Martin Corporation,100%,1
INS-0018,13540283-3 Rev G COMPRESSION SPRING," 37,410 ", 719 , $0.83 ,16," 16,000 "," 16,000 ",," 11,511 "," 3,453 "," 3,453 "," 19,453 "," 11,453 "," $2,858 "," $16,098 "," $9,478 ",Lockheed Martin Corporation,100%,1
INS-0020,13540283-4 Rev G COMPRESSION SPRING," 34,546 ", 664 , $0.83 ,16," 20,000 "," 19,785 ",," 10,630 "," 3,189 "," 3,189 "," 23,189 "," 13,189 "," $2,647 "," $19,247 "," $10,947 ",Lockheed Martin Corporation,100%,1
INS-0027,PC-512 POWDER METAL INSERT PC-473," 204,918 "," 3,941 ", $0.16 ,4," 17,077 "," 19,636 ",," 15,763 "," 4,729 "," 4,729 "," 21,805 "," 13,267 ", $739 ," $3,408 "," $2,074 ",BORGWARNER ITHACA LLC,100%,1
INS-0028,PC-514 Powder Metal Insert," 248,976 "," 4,788 ", $0.16 ,4," 20,748 "," 18,207 ",," 19,152 "," 5,746 "," 5,746 "," 26,494 "," 16,120 ", $911 ," $4,202 "," $2,557 ",BORGWARNER ITHACA LLC,100%,1
INS-0029,PC-513 Powder Metal Insert," 75,600 "," 1,454 ", $0.09 ,4," 6,300 "," 6,186 ",," 5,815 "," 1,745 "," 1,745 "," 8,045 "," 4,895 ", $150 , $693 , $421 ,BORGWARNER ITHACA LLC,100%,1
INS-0030,PC-515 Powder Metal Insert," 252,000 "," 4,846 ", $0.09 ,6," 21,000 "," 21,923 ",," 29,077 "," 8,723 "," 8,723 "," 29,723 "," 19,223 ", $819 ," $2,791 "," $1,805 ",BORGWARNER ITHACA LLC,100%,1
INS-0087,PC-322 MOLDED INSERT-ROUND BWA-3177," 27,648 ", 532 , $0.04 ,6," 22,250 "," 4,800 ",," 3,190 ", 957 , 957 ," 23,207 "," 12,082 ", $38 , $919 , $478 ,BORGWARNER ITHACA LLC,100%,1
INS-0088,PC-320  PRES. METAL BWA3177/78," 27,648 ", 532 , $0.04 ,6," 25,000 "," 4,714 ",," 3,190 ", 957 , 957 ," 25,957 "," 13,457 ", $40 ," $1,090 ", $565 ,BORGWARNER ITHACA LLC,100%,1
INS-0089,PC-321 MOLDED INSERT ROUND -BWA-3178," 27,648 ", 532 , $0.12 ,6," 2,304 "," 3,639 ",," 3,190 ", 957 , 957 ," 3,261 "," 2,109 ", $111 , $379 , $245 ,BORGWARNER ITHACA LLC,100%,1
INS-0125,RFID MiniWeb UCODE8 45x18 ETSI 3007318," 37,311 ", 718 , $0.05 ,12," 5,000 "," 17,200 ",," 8,610 "," 2,583 "," 2,583 "," 7,583 "," 5,083 ", $121 , $356 , $239 ,"Decostar Industries, Inc.",100%,1
INS-0127,Insert Slotted LH 5011910," 226,944 "," 4,364 ", $0.12 ,4," 18,912 "," 15,278 ",," 17,457 "," 5,237 "," 5,237 "," 24,149 "," 14,693 ", $613 ," $2,825 "," $1,719 ",BORGWARNER ITHACA LLC,100%,1
INS-0128,"5031558 Insert, Sliding"," 173,376 "," 3,334 ", $0.27 ,8," 14,448 "," 16,500 ",," 26,673 "," 8,002 "," 8,002 "," 22,450 "," 15,226 "," $2,177 "," $6,106 "," $4,141 ",BORGWARNER ITHACA LLC,100%,1
INS-0253,PC-363," 27,648 ", 532 , $0.09 ,4," 2,304 "," 3,268 ",," 2,127 ", 638 , 638 ," 2,942 "," 1,790 ", $57 , $263 , $160 ,BORGWARNER ITHACA LLC,100%,1
INS0289A1,380965 Bore Insert," 74,400 "," 1,431 ", $1.04 ,16," 15,120 "," 11,576 ",," 22,892 "," 6,868 "," 6,868 "," 21,988 "," 14,428 "," $7,142 "," $22,867 "," $15,005 ",BORGWARNER ITHACA LLC,100%,1
INS-0290,PC-381 BOLT INSERTS," 148,800 "," 2,862 ", $0.09 ,4," 12,400 "," 11,028 ",," 11,446 "," 3,434 "," 3,434 "," 15,834 "," 9,634 ", $315 ," $1,454 ", $884 ,BORGWARNER ITHACA LLC,100%,1
INS0305A1,381607 Bore Insert," 5,820 ", 112 , $1.99 ,16," 2,000 "," 2,088 ",," 1,791 ", 537 , 537 ," 2,537 "," 1,537 "," $1,069 "," $5,049 "," $3,059 ",BORGWARNER ITHACA LLC,100%,1
INS-0306,PC-401 Bolt Insert," 11,640 ", 224 , $0.11 ,4, 970 ," 4,272 ",, 895 , 269 , 269 ," 1,239 ", 754 , $29 , $132 , $80 ,BORGWARNER ITHACA LLC,100%,1
INS-0364,"6175-4BA075 Brass Insert, PRINT SPEC REQ"," 249,284 "," 4,794 ", $0.28 ,20," 50,000 "," 31,667 ",," 95,878 "," 28,764 "," 28,764 "," 78,764 "," 53,764 "," $8,025 "," $21,975 "," $15,000 ",Lockheed Martin Corporation,100%,1
INS-0440,5011470 Insert Round," 528,000 "," 10,154 ", $0.08 ,4," 44,000 "," 47,256 ",," 40,615 "," 12,185 "," 12,185 "," 56,185 "," 34,185 ", $994 ," $4,585 "," $2,789 ",BORGWARNER ITHACA LLC,100%,1
INS-0441,5011471 Insert Slotted," 528,000 "," 10,154 ", $0.08 ,4," 44,000 "," 44,097 ",," 40,615 "," 12,185 "," 12,185 "," 56,185 "," 34,185 "," $1,011 "," $4,663 "," $2,837 ",BORGWARNER ITHACA LLC,100%,1
INS-0448,5034866 Bracket Guide Polaris Viper," 93,120 "," 1,791 ", $0.33 ,8," 12,000 "," 12,000 ",," 14,326 "," 4,298 "," 4,298 "," 16,298 "," 10,298 "," $1,418 "," $5,378 "," $3,398 ",BORGWARNER ITHACA LLC,100%,1
INS-0552,5075166 Bracket," 542,808 "," 10,439 ", $1.80 ,4," 51,000 "," 47,796 ",," 41,754 "," 12,526 "," 12,526 "," 63,526 "," 38,026 "," $22,526 "," $114,239 "," $68,383 ",BORGWARNER ITHACA LLC,100%,1
INS-1015W,PN Label 10mm x15mm White," 525,601 "," 10,108 ", $0.02 ,2," 36,000 "," 22,816 ",," 20,215 "," 6,065 "," 6,065 "," 42,065 "," 24,065 ", $106 , $736 , $421 ,"Decostar Industries, Inc.",94%,2
INS-1015Y,PN Label 10mm x 15mm Yellow," 165,770 "," 3,188 ", $0.01 ,2," 15,000 "," 26,063 ",," 6,376 "," 1,913 "," 1,913 "," 16,913 "," 9,413 ", $25 , $217 , $121 ,"Decostar Industries, Inc.",80%,2
INS-1250W,PN Label 12mm x 50mm White," 14,071 ", 271 , $0.02 ,2," 4,000 "," 4,000 ",, 541 , 162 , 162 ," 4,162 "," 2,162 ", $3 , $68 , $35 ,"Decostar Industries, Inc.",100%,1
INS-1250Y,PN Label 12mm x 50mm Yellow," 14,071 ", 271 , $0.02 ,2," 4,000 "," 4,000 ",, 541 , 162 , 162 ," 4,162 "," 2,162 ", $3 , $68 , $35 ,"Decostar Industries, Inc.",100%,1
INS-2215A3,5061125 Bracket Arm," 266,994 "," 5,135 ", $1.89 ,16," 22,250 "," 24,300 ",," 82,152 "," 24,646 "," 24,646 "," 46,895 "," 35,770 "," $46,580 "," $88,632 "," $67,606 ",BORGWARNER ITHACA LLC,100%,1
INS-2216A3,5061122 Bracket Arm," 300,000 "," 5,769 ", $1.85 ,16," 25,000 "," 25,650 ",," 92,308 "," 27,692 "," 27,692 "," 52,692 "," 40,192 "," $51,231 "," $97,481 "," $74,356 ",BORGWARNER ITHACA LLC,100%,1
INS-2550W,PN Label 25mm x 50mm White, 604 , 12 , $0.01 ,2," 5,000 "," 2,250 ",, 23 , 7 , 7 ," 5,007 "," 2,507 ", $0 , $72 , $36 ,Lockheed Martin Corporation,100%,1
INS-3000,5048609 Spring," 77,760 "," 1,495 ", $0.13 ,8," 6,480 "," 9,300 ",," 11,963 "," 3,589 "," 3,589 "," 10,069 "," 6,829 ", $456 ," $1,279 ", $867 ,BORGWARNER ITHACA LLC,100%,1
INS-7449,UID Label for LHM-7449," 17,806 ", 342 , $0.08 ,2," 5,000 "," 5,267 ",, 685 , 205 , 205 ," 5,205 "," 2,705 ", $17 , $440 , $229 ,Lockheed Martin Corporation,100%,1
INS-9131,M4x0.7 threaded Stainless Steel Insert," 18,146 ", 349 , $0.34 ,8," 15,000 "," 2,814 ",," 2,792 ", 838 , 838 ," 15,838 "," 8,338 ", $286 ," $5,401 "," $2,843 ",Lockheed Martin Corporation,100%,1
INS-9180,5059926 Bracket Guide Sec," 158,976 "," 3,057 ", $1.24 ,18," 13,248 "," 3,858 ",," 55,030 "," 16,509 "," 16,509 "," 29,757 "," 23,133 "," $20,516 "," $36,979 "," $28,747 ",BORGWARNER ITHACA LLC,100%,1
INS-9181,5060915 Bracket Guide Cam," 201,600 "," 3,877 ", $0.54 ,18," 16,800 "," 6,069 ",," 69,785 "," 20,935 "," 20,935 "," 37,735 "," 29,335 "," $11,274 "," $20,321 "," $15,797 ",BORGWARNER ITHACA LLC,100%,1
INS9191A1,5007788 Insert," 20,160 ", 388 , $0.16 ,4," 1,680 "," 3,200 ",," 1,551 ", 465 , 465 ," 2,145 "," 1,305 ", $76 , $349 , $212 ,BORGWARNER ITHACA LLC,100%,1
INS9200A1,M6x10mm Brass Threaded Insert 253001161-," 70,981 "," 1,365 ", $0.12 ,8," 5,000 "," 6,425 ",," 10,920 "," 3,276 "," 3,276 "," 8,276 "," 5,776 ", $402 ," $1,015 ", $709 ,"Decostar Industries, Inc.",100%,1
INS9236A1,"14101064 Spring, Sabot"," 1,812 ", 35 , $28.75 ,16, 500 ,#DIV/0!,, 558 , 167 , 167 , 667 , 417 ," $4,809 "," $19,184 "," $11,996 ",Lockheed Martin Corporation,100%,1
INS9236B1,"14101065-1 Plunger, Sabot"," 1,510 ", 29 , $48.50 ,28, 500 ,#DIV/0!,, 813 , 244 , 244 , 744 , 494 ," $11,830 "," $36,080 "," $23,955 ",Lockheed Martin Corporation,100%,1
INS9236C1,"14101065-2 Plunger, Sabot", 302 , 6 , $52.44 ,28, 500 ,#DIV/0!,, 163 , 49 , 49 , 549 , 299 ," $2,558 "," $28,778 "," $15,668 ",Lockheed Martin Corporation,100%,1
INS9236D1,"14101066 Impact Washer, Sabot"," 1,812 ", 35 , $1.23 ,16, 500 ,#DIV/0!,, 558 , 167 , 167 , 667 , 417 , $206 , $821 , $513 ,Lockheed Martin Corporation,100%,1
INS9236E1,NAS1149E0563P Flat Washer per NAS 1149," 1,812 ", 35 , $0.92 ,16, 500 ,#DIV/0!,, 558 , 167 , 167 , 667 , 417 , $154 , $614 , $384 ,Lockheed Martin Corporation,100%,1
INS9236F1,"MS21043-5, NUT,SLFLKG,RDC HEX,RDC HGT"," 1,812 ", 35 , $1.47 ,16, 500 ,#DIV/0!,, 558 , 167 , 167 , 667 , 417 , $246 , $981 , $613 ,Lockheed Martin Corporation,100%,1
INS9236G1,"13505959 Pin, Forward", 302 , 6 , $24.75 ,28, 500 ,#DIV/0!,, 163 , 49 , 49 , 549 , 299 ," $1,207 "," $13,582 "," $7,395 ",Lockheed Martin Corporation,100%,1
INS9236H1,"PIN,SPRING,COILED,HEAVY DUTY ASME 18.8.2", 302 , 6 , $0.15 ,16," 5,000 ",#DIV/0!,, 93 , 28 , 28 ," 5,028 "," 2,528 ", $4 , $763 , $384 ,Lockheed Martin Corporation,100%,1
INS-9616,Cybertruck Overmolded Support Ring," 7,616 ", 146 , $1.07 ,8," 2,880 "," 25,920 ",," 1,172 ", 352 , 352 ," 3,232 "," 1,792 ", $374 ," $3,442 "," $1,908 ",Firestone Industrial Products,100%,1
INS-9617,Cybertruck Rear Core Volume Reducer," 2,962 ", 57 , $5.93 ,20," 18,500 "," 18,500 ",," 1,139 ", 342 , 342 ," 18,842 "," 9,592 "," $2,027 "," $111,732 "," $56,879 ",Firestone Industrial Products,100%,1
NYL-0103,Durethan BKV 30 H2.0 901510," 16,641 ", 320 , $2.03 ,30," 1,984 "," 1,984 ",," 9,601 "," 2,880 "," 2,880 "," 4,864 "," 3,872 "," $5,847 "," $9,874 "," $7,861 ",Roechling Auto. USA LLP,100%,1
NYL-1400,ZYTEL FE-5105 BK-083M," 39,133 ", 753 , $2.45 ,6," 4,400 "," 14,330 ",," 4,515 "," 1,355 "," 1,355 "," 5,755 "," 3,555 "," $3,319 "," $14,099 "," $8,709 ",Lockheed Martin Corporation,100%,1
NYL-17000,RHODIA 30% GF NYLON (A218 V30 BLK)," 28,321 ", 545 , $2.10 ,5," 6,613 "," 6,614 ",," 2,723 ", 817 , 817 ," 7,430 "," 4,123 "," $1,716 "," $15,603 "," $8,659 ","Detroit Thermal Systems, LLC",100%,1
NYL-21000GG,70G30HSLRBK099," 102,489 "," 1,971 ", $1.78 ,6," 1,653 "," 2,034 ",," 11,826 "," 3,548 "," 3,548 "," 5,201 "," 4,374 "," $6,315 "," $9,257 "," $7,786 ","Detroit Thermal Systems, LLC",87%,4
NYL-21701,Torzen G3000HR NC01," 36,446 ", 701 , $1.91 ,6," 3,300 "," 3,504 ",," 4,205 "," 1,262 "," 1,262 "," 4,562 "," 2,912 "," $2,410 "," $8,713 "," $5,561 ","Detroit Thermal Systems, LLC",100%,1
NYL-2700,ZYTEL 45HSB NATURAL," 252,279 "," 4,852 ", $2.18 ,6," 11,431 "," 11,431 ",," 29,109 "," 8,733 "," 8,733 "," 20,164 "," 14,448 "," $19,037 "," $43,957 "," $31,497 ",BORGWARNER ITHACA LLC,100%,2
NYL-28200,Akulan S223-HG0 BK223, 628 , 12 , $2.95 ,6," 2,200 ",#DIV/0!,, 73 , 22 , 22 ," 2,222 "," 1,122 ", $64 ," $6,554 "," $3,309 ",BORGWARNER ITHACA LLC,100%,1
NYL-28700,Stanyl TW 441 Nat," 12,258 ", 236 , $5.38 ,12," 2,200 "," 2,094 ",," 2,829 ", 849 , 849 ," 3,049 "," 1,949 "," $4,566 "," $16,402 "," $10,484 ",BorgWarner Morse Systems Mexic,68%,2
NYL-2900,ZYTEL FR50 BLACK, 160 , 3 , $5.72 ,4, 165 , 165 ,, 12 , 4 , 4 , 169 , 86 , $21 , $965 , $493 ,Standard Motor Products,100%,1
NYL-29600,"DSM Stanyl HG-R2, PA46 + PTFE"," 47,673 ", 917 , $6.67 ,12," 3,031 "," 3,031 ",," 11,001 "," 3,300 "," 3,300 "," 6,331 "," 4,816 "," $22,014 "," $42,230 "," $32,122 ",BORGWARNER ITHACA LLC,100%,1
NYL-32000,Stanyl TW-200F3 Natl 15% glass filled Ny," 3,132 ", 60 , $5.80 ,6," 2,200 "," 2,200 ",, 361 , 108 , 108 ," 2,308 "," 1,208 ", $629 ," $13,389 "," $7,009 ",BorgWarner Poland Sp.z o.o.,49%,4
NYL-3850,PA6-2004/39 DMC," 32,664 ", 628 , $5.17 ,16," 3,300 "," 1,614 ",," 10,050 "," 3,015 "," 3,015 "," 6,315 "," 4,665 "," $15,588 "," $32,649 "," $24,119 ","Decostar Industries, Inc.",100%,1
NYL-8180,Vydyne 66H Natural," 70,762 "," 1,361 ", $2.15 ,8," 8,265 "," 7,467 ",," 10,886 "," 3,266 "," 3,266 "," 11,531 "," 7,398 "," $7,022 "," $24,792 "," $15,907 ",BORGWARNER ITHACA LLC,100%,1
NYL-8543,Vydyne R543H BK02," 130,824 "," 2,516 ", $1.99 ,8," 9,918 "," 9,183 ",," 20,127 "," 6,038 "," 6,038 "," 15,956 "," 10,997 "," $12,016 "," $31,753 "," $21,884 ",BORGWARNER ITHACA LLC,100%,1
NYL-8852,RAD.A.RCW4015W.3733BK," 2,782 ", 53 , $1.69 ,8," 1,500 "," 2,482 ",, 428 , 128 , 128 ," 1,628 ", 878 , $217 ," $2,752 "," $1,484 ",Mahle Thermal and Fluid Systems Mt Sterling Inc,100%,1
NYL-8857,RAD.S.RCW4015W.3733BK," 15,787 ", 304 , $1.52 ,8," 1,500 "," 3,000 ",," 2,429 ", 729 , 729 ," 2,229 "," 1,479 "," $1,108 "," $3,388 "," $2,248 ",Mahle Thermal and Fluid Systems Mt Sterling Inc,100%,1
NYL-8888,Leona 1542 Black," 16,807 ", 323 , $6.04 ,16," 2,200 "," 2,388 ",," 5,172 "," 1,551 "," 1,551 "," 3,751 "," 2,651 "," $9,371 "," $22,659 "," $16,015 ",BORGWARNER ITHACA LLC,100%,1
NYL-9237,"RTP 299 X 98619 A black LGF, HS PA66"," 1,626 ", 31 , $2.39 ,4, 750 ,#DIV/0!,, 125 , 38 , 38 , 788 , 413 , $90 ," $1,882 ", $986 ,Lockheed Martin Corporation,100%,1
NYL-9460,Zytel 70G13HS1L NC010," 3,264 ", 63 , $5.51 ,4," 2,200 "," 1,334 ",, 251 , 75 , 75 ," 2,275 "," 1,175 ", $415 ," $12,537 "," $6,476 ",BorgWarner Morse Systems Mexic,57%,4
NYL-9516,Chemlon 133 GH BK802 PA66-GF33," 8,201 ", 158 , $1.89 ,5," 3,000 "," 42,000 ",, 789 , 237 , 237 ," 3,237 "," 1,737 ", $447 ," $6,117 "," $3,282 ",Firestone Industrial Products,100%,1
NYL-9518,Chemlon 133 GH BK001 PA66-GF33," 19,205 ", 369 , $1.56 ,5," 3,000 "," 21,000 ",," 1,847 ", 554 , 554 ," 3,554 "," 2,054 ", $864 ," $5,544 "," $3,204 ",Firestone Industrial Products,100%,1
NYL-9712,Akulon K224-PG8 (PA6-I-GF40)," 35,164 ", 676 , $2.11 ,5," 2,200 "," 5,176 ",," 3,381 "," 1,014 "," 1,014 "," 3,214 "," 2,114 "," $2,140 "," $6,782 "," $4,461 ","Detroit Thermal Systems, LLC",100%,1
NYL-9940,Zytel 70G43 HSLA Black," 428,011 "," 8,231 ", $1.70 ,6," 16,462 "," 23,635 ",," 49,386 "," 14,816 "," 14,816 "," 31,278 "," 23,047 "," $25,187 "," $53,172 "," $39,179 ",BORGWARNER ITHACA LLC,100%,1
NYL-9960,DSM Stanyl TW341 Black," 54,912 "," 1,056 ", $4.52 ,5," 2,200 "," 5,186 ",," 5,280 "," 1,584 "," 1,584 "," 3,784 "," 2,684 "," $7,160 "," $17,104 "," $12,132 ",BORGWARNER ITHACA LLC,100%,1
PCR-8450,Environ ENV39-70846," 6,896 ", 133 , $5.56 ,8," 1,500 ", 881 ,," 1,061 ", 318 , 318 ," 1,818 "," 1,068 "," $1,770 "," $10,110 "," $5,940 ","Decostar Industries, Inc.",100%,1
PKG-0406,"4"" x 6"" 3mil Poly Bag S-2951"," 225,306 "," 4,333 ", $0.02 ,1," 10,000 "," 11,091 ",," 4,333 "," 1,300 "," 1,300 "," 11,300 "," 6,300 ", $30 , $260 , $145 ,"Decostar Industries, Inc.",100%,1
PKG-0416,"4""x16"" 3mil Poly Bag S-10945"," 3,174 ", 61 , $0.05 ,1," 1,000 "," 3,000 ",, 61 , 18 , 18 ," 1,018 ", 518 , $1 , $54 , $27 ,"Decostar Industries, Inc.",100%,1
PKG-0712,"7"" x 12"" 2mil Poly Bag S-1335"," 111,810 "," 2,150 ", $0.04 ,1," 20,000 "," 11,000 ",," 2,150 ", 645 , 645 ," 20,645 "," 10,645 ", $25 , $813 , $419 ,"Decostar Industries, Inc.",66%,2
PKG-0812,"8""x12"" 3mil Poly Bag S-3456"," 61,584 "," 1,184 ", $0.08 ,1," 1,000 "," 5,000 ",," 1,184 ", 355 , 355 ," 1,355 ", 855 , $28 , $107 , $68 ,"Decostar Industries, Inc.",100%,1
PKG-0820,"8"" x 20"" 3mil Poly Bag S-10964"," 35,491 ", 683 , $0.07 ,1," 3,000 "," 4,500 ",, 683 , 205 , 205 ," 3,205 "," 1,705 ", $15 , $232 , $123 ,"Decostar Industries, Inc.",100%,1
PKG-0830,"8"" x 30"" 2 mil Poly S-1728"," 1,820 ", 35 , $0.13 ,1," 1,000 "," 1,050 ",, 35 , 11 , 11 ," 1,011 ", 511 , $1 , $127 , $64 ,"Decostar Industries, Inc.",100%,1
PKG-1212,RSC/L.B. 15 X 15 X 15," 1,741 ", 33 , $1.72 ,2, 500 , 563 ,, 67 , 20 , 20 , 520 , 270 , $35 , $896 , $465 ,Lockheed Martin Corporation,100%,1
PKG-1300,RSC/L.B. 11 X 11 X 10," 14,296 ", 275 , $0.63 ,2, 948 , 948 ,, 550 , 165 , 165 ," 1,113 ", 639 , $104 , $703 , $404 ,"Detroit Thermal Systems, LLC",96%,5
PKG-1400,RSC 9 X 9 X 5 1/2," 2,731 ", 53 , $0.58 ,2, 764 , 764 ,, 105 , 32 , 32 , 796 , 414 , $18 , $464 , $241 ,Schneider Electric,56%,7
PKG-3500,45 W X 48 D SKID," 1,466 ", 28 , $10.00 ,1, 50 , 69 ,, 28 , 8 , 8 , 58 , 33 , $85 , $585 , $335 ,"Decostar Industries, Inc.",59%,4
PKG-4020,"PE BAG, GUST. 14 X 14 X 26 - 2 Mil"," 20,446 ", 393 , $0.14 ,2," 4,143 "," 4,143 ",, 786 , 236 , 236 ," 4,379 "," 2,307 ", $33 , $613 , $323 ,BORGWARNER ITHACA LLC,95%,6
PKG-4030,"PE BAG, GUST. 20 X 18 X 36 - 1.5 Mil.", 541 , 10 , $0.38 ,1, 300 , 300 ,, 10 , 3 , 3 , 303 , 153 , $1 , $115 , $58 ,BorgWarner Morse Systems Mexic,88%,2
PKG-5100,"Box 15"" x 24"" x 7"""," 31,960 ", 615 , $1.20 ,1," 1,500 "," 1,926 ",, 615 , 184 , 184 ," 1,684 ", 934 , $221 ," $2,021 "," $1,121 ","Decostar Industries, Inc.",82%,3
PKG-8060,DIVIDER 29 1/2 x 13, 816 , 16 , $0.08 ,1," 10,000 ",#DIV/0!,, 16 , 5 , 5 ," 10,005 "," 5,005 ", $0 , $800 , $400 ,"Decostar Industries, Inc.",100%,1
PKG-8080,DIVIDER CHIP .13 21.5 X 12.75," 6,933 ", 133 , $0.13 ,1, -   ,#DIV/0!,, 133 , 40 , 40 , 40 , 40 , $5 , $5 , $5 ,"Decostar Industries, Inc.",100%,1
PKG-8082,21.5 X 12.75 Divider .040 Thickness," 140,063 "," 2,694 ", $0.17 ,5," 7,000 "," 6,173 ",," 13,468 "," 4,040 "," 4,040 "," 11,040 "," 7,540 ", $667 ," $1,822 "," $1,244 ","Detroit Thermal Systems, LLC",100%,2
PKG-8307,Carton 19x11x4.75 IMC for BWA," 1,046 ", 20 , $1.01 ,2, 377 , 377 ,, 40 , 12 , 12 , 389 , 201 , $12 , $393 , $202 ,BORGWARNER ITHACA LLC,100%,1
PKG-8308,VCI Bag27x20x25, 931 , 18 , $1.34 ,1, 143 , 143 ,, 18 , 5 , 5 , 148 , 77 , $7 , $199 , $103 ,BORGWARNER ITHACA LLC,100%,1
PKG-8309,Carton 11x9.5x4.75 IMC 030, 266 , 5 , $0.72 ,2, 740 , 740 ,, 10 , 3 , 3 , 743 , 373 , $2 , $536 , $269 ,BORGWARNER ITHACA LLC,100%,1
PKG-8310,BWA Yellow Tote  Orbis NSOAN1215-7 Yello," 2,016 ", 39 , $-   ,2, -   ,#DIV/0!,, 78 , 23 , 23 , 23 , 23 , $-   , $-   , $-   ,BORGWARNER ITHACA LLC,100%,1
PKG-8401,13X13X10 Single Wall Box," 1,307 ", 25 , $1.27 ,1, 500 , 500 ,, 25 , 8 , 8 , 508 , 258 , $10 , $645 , $327 ,Lockheed Martin Corporation,100%,1
PKG-9010,MORSE - 01 COVER," 61,935 "," 1,191 ", $0.14 ,2," 1,108 "," 1,108 ",," 2,382 ", 715 , 715 ," 1,823 "," 1,269 ", $100 , $255 , $178 ,BORGWARNER ITHACA LLC,99%,2
PKG-9020,MORSE - 02 BOX," 61,935 "," 1,191 ", $0.36 ,2," 1,114 "," 1,114 ",," 2,382 ", 715 , 715 ," 1,829 "," 1,272 ", $257 , $658 , $458 ,BORGWARNER ITHACA LLC,99%,2
PKG-9131A,Payload Box for LHM9131A1, 756 , 15 , $4.18 ,2, 350 , 493 ,, 29 , 9 , 9 , 359 , 184 , $36 ," $1,499 ", $768 ,Lockheed Martin Corporation,100%,1
PKG-9131B,Divider Green Stripe for LHM9131A1, 756 , 15 , $0.73 ,2, 350 , 400 ,, 29 , 9 , 9 , 359 , 184 , $6 , $261 , $134 ,Lockheed Martin Corporation,100%,1
PKG-9131C,Partition for LHM9131A1," 1,512 ", 29 , $3.20 ,2, 350 , 605 ,, 58 , 17 , 17 , 367 , 192 , $56 ," $1,176 ", $616 ,Lockheed Martin Corporation,100%,1
PKG-9131D,"100002538 Bubblewrap 0.5x48x250, perf", 189 , 4 , $51.04 ,1, 20 , 22 ,, 4 , 1 , 1 , 21 , 11 , $56 ," $1,076 ", $566 ,Lockheed Martin Corporation,100%,1
PKG-9236,RSC/L.B. 12x12x12, 76 , 1 , $1.03 ,2, 210 , 210 ,, 3 , 1 , 1 , 211 , 106 , $1 , $217 , $109 ,Lockheed Martin Corporation,100%,1
PKG-9422,Rochling 12x22x7.5 B24 Tote," 2,385 ", 46 , $-   ,1, 200 ,#DIV/0!,, 46 , 14 , 14 , 214 , 114 , $-   , $-   , $-   ,Roechling Auto. USA LLP,100%,1
PKG-9616,21.5 x 11 x 7 C200 Regular Board, 370 , 7 , $0.98 ,1," 3,178 "," 3,178 ",, 7 , 2 , 2 ," 3,180 "," 1,591 ", $2 ," $3,122 "," $1,562 ",Firestone Industrial Products,100%,1
PKG-9696,DTS 12 x 15 x 7 Returnable Tote," 31,710 ", 610 , $-   ,1, -   ,#DIV/0!,, 610 , 183 , 183 , 183 , 183 , $-   , $-   , $-   ,"Detroit Thermal Systems, LLC",100%,1
PPA-3000,Uv00AS-Bk1A952," 7,001 ", 135 , $6.72 ,2," 3,300 "," 2,616 ",, 269 , 81 , 81 ," 3,381 "," 1,731 ", $543 ," $22,722 "," $11,633 ",BORGWARNER ITHACA LLC,100%,1
PPA-9131,Instruc INX-PPA-13171 BK002," 18,990 ", 365 , $8.92 ,8," 4,400 "," 6,127 ",," 2,922 ", 876 , 876 ," 5,276 "," 3,076 "," $7,818 "," $47,066 "," $27,442 ",Lockheed Martin Corporation,100%,1
PPO-3100,GREEN NORYL 731 GN 1C037. FED SPEC REQ'D," 45,353 ", 872 , $3.45 ,8," 12,000 "," 11,206 ",," 6,977 "," 2,093 "," 2,093 "," 14,093 "," 8,093 "," $7,222 "," $48,622 "," $27,922 ",Lockheed Martin Corporation,100%,1
PPO-9450,Noryl SE1X-701 Black," 6,010 ", 116 , $2.51 ,8," 1,500 "," 1,858 ",, 925 , 277 , 277 ," 1,777 "," 1,027 ", $696 ," $4,461 "," $2,579 ",Schneider Electric,100%,1
PPR-2500,Daplen EH227AEU-9550," 32,067 ", 617 , $1.46 ,8," 3,000 "," 2,550 ",," 4,933 "," 1,480 "," 1,480 "," 4,480 "," 2,980 "," $2,155 "," $6,523 "," $4,339 ","Decostar Industries, Inc.",100%,1
PPR-3620,PPH5TF2-Black 20% ta," 15,467 ", 297 , $0.82 ,4," 2,200 "," 4,250 ",," 1,190 ", 357 , 357 ," 2,557 "," 1,457 ", $292 ," $2,089 "," $1,190 ","Detroit Thermal Systems, LLC",100%,1
PPR-4650,Daplen EE112AEU-9502," 6,795 ", 131 , $1.30 ,8," 3,000 "," 2,500 ",," 1,045 ", 314 , 314 ," 3,314 "," 1,814 ", $406 ," $4,294 "," $2,350 ","Decostar Industries, Inc.",100%,1
PPR-6111,PPH3MF4 natural 40% Mica filled Polyprop," 1,132,816 "," 21,785 ", $0.79 ,5," 42,000 "," 37,532 ",," 108,925 "," 32,677 "," 32,677 "," 74,677 "," 53,677 "," $25,848 "," $59,070 "," $42,459 ","Detroit Thermal Systems, LLC",100%,1
PPR-6310,Asahi PP 30% GL P6-30FG-0600 BK711 Black," 12,294 ", 236 , $1.09 ,4," 5,250 "," 5,250 ",, 946 , 284 , 284 ," 5,534 "," 2,909 ", $308 ," $6,004 "," $3,156 ",Roechling Auto. USA LLP,100%,1
PPR-6361,30%GF PP PRC25GF3 BLACK," 13,320 ", 256 , $0.93 ,6," 1,500 "," 1,500 ",," 1,537 ", 461 , 461 ," 1,961 "," 1,211 ", $428 ," $1,818 "," $1,123 ",Roechling Auto. USA LLP,100%,1
PPR-9021,Borealis Fibremod GB205U BLACK PPGF20," 19,590 ", 377 , $1.30 ,8," 1,300 "," 1,300 ",," 3,014 ", 904 , 904 ," 2,204 "," 1,554 "," $1,172 "," $2,857 "," $2,014 ","Decostar Industries, Inc.",100%,1
PVC-2000,PVC/ROSCOM 605-70 BLACK, 102 , 2 , $-   ,7, 100 ,#DIV/0!,, 14 , 4 , 4 , 104 , 54 , $-   , $-   , $-   ,Standard Motor Products,100%,1
TPO-1000,Maxtell 600T18 BK298 (PP/EPDM-TX18), 135 , 3 , $0.94 ,3," 5,600 ",#DIV/0!,, 8 , 2 , 2 ," 5,602 "," 2,802 ", $2 ," $5,266 "," $2,634 ","Decostar Industries, Inc.",100%,1
TPO-2343,ADX-2343 GP BLACK," 14,963 ", 288 , $1.26 ,6," 1,500 "," 1,500 ",," 1,727 ", 518 , 518 ," 2,018 "," 1,268 ", $651 ," $2,536 "," $1,593 ","Polycon, a division of Magna Exteriors Corp",100%,1
TPR-3800,Santoprene 121-50M100 BLK," 41,936 ", 806 , $2.12 ,6," 4,400 "," 5,144 ",," 4,839 "," 1,452 "," 1,452 "," 5,852 "," 3,652 "," $3,077 "," $12,405 "," $7,741 ","Detroit Thermal Systems, LLC",100%,1
TPR-4500,Santoprene 8211-45 Natural," 29,917 ", 575 , $2.31 ,6," 4,400 "," 4,409 ",," 3,452 "," 1,036 "," 1,036 "," 5,436 "," 3,236 "," $2,392 "," $12,556 "," $7,474 ","Detroit Thermal Systems, LLC",100%,1
TPR-8505,"Santoprene 111-45, Black"," 23,455 ", 451 , $2.12 ,2," 2,204 "," 3,307 ",, 902 , 271 , 271 ," 2,475 "," 1,373 ", $574 ," $5,246 "," $2,910 ","Detroit Thermal Systems, LLC",100%,1
INS9224P1,PETG Plastic Roll 27X16596X.020,,,1960,,,,,,,,,,,,,,,
NYL-7270,Leona 1532S,,,14.84,,,,,,,,,,,,,,,
PCR-1050,Sabic Geloy-XP4034-749 BK,,,6.03,,,,,,,,,,,,,,,
PPR-8848,FPP1007-013X Natural PP40T,,,2.26,,,,,,,,,,,,,,,
INS0200A1,Square Collar B 8718,,,0.67,,,,,,,,,,,,,,,
INS-7484,MIL-S-8802 Sealant,,,40.52,,,,,,,,,,,,,,,
NYL-8480,Ultramid A4H BK465,,,3.33,,,,,,,,,,,,,,,
NYL-2005,Mitsubishi N252U22,,,3.42,,,,,,,,,,,,,,,
INS0300A1,Insurnut Hex M8-1.25 Black,,,0.44355,,,,,,,,,,,,,,,
PEI-9235,Ultem 2300-1000 Natural,,,12.47,,,,,,,,,,,,,,,
INS-0295,N623332-S439 12901-MOD Clip,,,0.10715,,,,,,,,,,,,,,,
PPR-8920,Washington Penn PPH3TF4 Natural,,,2.5,,,,,,,,,,,,,,,
ACE-8851,Iupital F20-03 Natural,,,1.58,,,,,,,,,,,,,,,
INS9417A1,100-522-1 Bearing,,,0.1381,,,,,,,,,,,,,,,
NYL-0300,STANYL TW-241F10-BK,,,4.1,,,,,,,,,,,,,,,
INS0307A1,381736 Bore Insert,,,1.093,,,,,,,,,,,,,,,
NYL-28900,Chemlon 100H Black,,,2.15,,,,,,,,,,,,,,,
NYL-9137,Ultramid  A218V50 Black 21N,,,1.84,,,,,,,,,,,,,,,
INS0021A1,5011675 Rev. D Knurl,,,1.93,,,,,,,,,,,,,,,
NYL-9930,R530H BK SOLUTIA Vydyne,,,1.398,,,,,,,,,,,,,,,
INS-8029,Bracket,,,0.197,,,,,,,,,,,,,,,
PPR-9224,WPP231H. 1.5 izod unfilled polypropylene,,,0.83,,,,,,,,,,,,,,,
NYL-9188,Radilon ARV450W 333 BK,,,2.13,,,,,,,,,,,,,,,
CLR-5200,0028689PSF RED 25:1 PSF-1000NAT'L,,,42.01,,,,,,,,,,,,,,,
CLR-9509,OC3SAJ Omnicolor Flame Red,,,100.58,,,,,,,,,,,,,,,
PPR-9020,Borealis PPGF20 Fibremod GB205U WHITE,,,1.386,,,,,,,,,,,,,,,
PPR-1008,Daplen EF150AIU PP-MF16,,,1.483,,,,,,,,,,,,,,,
INS-0171,1225053 Long Handle Draincock,,,0.2545,,,,,,,,,,,,,,,
INS-8639,M134356(Rev B)Nut - M6 Square,,,0.0343,,,,,,,,,,,,,,,
PSF-2000,P-1700-937 BLK UDEL POLYSULFONE,,,16.44,,,,,,,,,,,,,,,
PPR-9243,Sequel 1440UV 7C45,,,1.384,,,,,,,,,,,,,,,
PPR-9030,Borealis PPGF30 Fibremod GB311U,,,1.146,,,,,,,,,,,,,,,
NYL-4400,STANYL TW341 NAT'L,,,4.53,,,,,,,,,,,,,,,
PPO-2100,NORYL GFN2-701 BK,,,3.9,,,,,,,,,,,,,,,
INS-0176,1225054 Short Handle Draincock,,,0.2475,,,,,,,,,,,,,,,
PKG-9261,15 x 15 Foam Pouch,,,0.306,,,,,,,,,,,,,,,
INS-0124,"Printer Ribbon 2.52"" x 984' Resin",,,10,,,,,,,,,,,,,,,
PPR-1600,PPH 4TF4 BK,,,0.839,,,,,,,,,,,,,,,
PCR-3900,PCR/LEXAN 141-601 RED,,,13.51,,,,,,,,,,,,,,,
INS8001A1,380692 Insert,,,0.09,,,,,,,,,,,,,,,
NYL-8865,Radilon N66MG40HSL Natural,,,1.84,,,,,,,,,,,,,,,
SBC-9505,K-Resin KR03,,,2.45,,,,,,,,,,,,,,,
INS-8627,Brass Insert (Valeo Part #873258Z),,,0.25,,,,,,,,,,,,,,,
INS-0211,#10-32 UNF BOLT,,,0.01175,,,,,,,,,,,,,,,
INS9235-T7,14101021 Rev C EPDM Seal AFT Cover small,,,56.95,,,,,,,,,,,,,,,
PPR-1100,PPH3TF2 BLK 20% TALC FILLED POLYPRO,,,1.114,,,,,,,,,,,,,,,
INS9284A1,M6 x 7.62mm Threaded Brass Insert,,,0.1235,,,,,,,,,,,,,,,
INS9235-T8,14101025 Rev D Seal AFT Cover Large,,,44.62,,,,,,,,,,,,,,,
INS-7435,#1250 White Ink A-A-208 Type 1,,,56.25,,,,,,,,,,,,,,,
PKG-4007,58X46X96X Polybag - 2 Mil.,,,3.3622,,,,,,,,,,,,,,,
INS-2550B,PN Label 25mm x 50mm Blue,,,0.01378,,,,,,,,,,,,,,,
ASA-9709,Luran S 777KBK25991,,,1.64,,,,,,,,,,,,,,,
ABS-1700,ABS/CYCOLAC MG47 BK4051,,,4.27,,,,,,,,,,,,,,,
PKG-0015,23 x 11 x 14 44C RSC Box,,,1.81466,,,,,,,,,,,,,,,
INS9511B1,MS16556-646 Pin NASM 16556,,,2.1,,,,,,,,,,,,,,,
CLR-9508,OC5UFB Omnicolor Sky Blue,,,17.08,,,,,,,,,,,,,,,
PKG-1100,RSC/L.B. 24 X 18 X 15,,,1.78694,,,,,,,,,,,,,,,
PKG-8041,RSC 31 11/16 x 20 x 14 1/2,,,5.87126,,,,,,,,,,,,,,,
INS-0309,PC-402 Bolt Insert,,,0.103,,,,,,,,,,,,,,,
CLR-9600,NC9SAF Black PC,,,14.92,,,,,,,,,,,,,,,
INS-0368,2100311500 Draincock and Washer Assy,,,0.3508,,,,,,,,,,,,,,,
NYL-8075,VYDYNE R533H NATURAL,,,3.59,,,,,,,,,,,,,,,
INS-8559,T957348 Grommet,,,0.04,,,,,,,,,,,,,,,
PKG-0030,"23-11/16"" x 14-11/16"" x 8-5/16"" Tray",,,1.16789,,,,,,,,,,,,,,,
PKG-0020,"1/8""x12""x550' Foam 100003397",,,26.813,,,,,,,,,,,,,,,
CLR-9460,OC7UFF Ominicolor Mid Grey,,,15.48,,,,,,,,,,,,,,,
INS8000A1,381520 Insert,,,0.09,,,,,,,,,,,,,,,
INS9511A1,13733541-1 Spring AFT Sabot,,,0.916,,,,,,,,,,,,,,,
PPA-1000,AMODEL AS4145 Blk,,,3.13,,,,,,,,,,,,,,,
NYL-4700,ZYTEL 408 BK-010 BLK HS,,,5.01,,,,,,,,,,,,,,,
INS0100A1,Square Collar A 8717,,,0.66,,,,,,,,,,,,,,,
INS-9540,INS 63/M5 / 8.25 AK,,,0.25,,,,,,,,,,,,,,,
INS-2550Y,PN Label 25mm x 50mm Yellow,,,0.0171,,,,,,,,,,,,,,,
INS-4600Y,"Box Label 4""x6"" - 1"" Core - Yellow",,,7,,,,,,,,,,,,,,,
ACE-8849,Iupital F20-03 Black,,,1.76,,,,,,,,,,,,,,,
PPR-1003,DexFlex 727 FP Black,,,1.561,,,,,,,,,,,,,,,
PCR-2700,PCR/LEXAN 141 CLEAR-111 NON-UV STABLE,,,3.75,,,,,,,,,,,,,,,
ACE-8930,"Delrin 500P, Natural",,,5,,,,,,,,,,,,,,,
NYL-28300,Celstran PA66-GF-40-02 ong Fiber,,,5.9,,,,,,,,,,,,,,,
PKG-15000,RSC 28 x 20 1/8 x 21,,,6.00719,,,,,,,,,,,,,,,
INS-0348,CLIP - ITW P/N 12500,,,0.07866,,,,,,,,,,,,,,,
CLR-6800,CLARIANT GYB-754 AB73620271,,,18.25,,,,,,,,,,,,,,,
INS-0373,RETAINING CLIP,,,0.70215,,,,,,,,,,,,,,,
CLR-0001,RC15315 Gray,,,4.32,,,,,,,,,,,,,,,
PKG-1000,RSC  28 X 20 X 21,,,1.797,,,,,,,,,,,,,,,
INS-0123,"Printer Ribbon 4.33"" x 985' Wax",,,4.42,,,,,,,,,,,,,,,
INS-0244,O-RING 1365214 BLACK 4.47X1.78MM,,,0.1581,,,,,,,,,,,,,,,
INS-4600W,"Box Label 4""x6"" - 1"" Core - White",,,3.69,,,,,,,,,,,,,,,
PKG-0412,"4"" x 12"" 3mil Poly Bag S-5379",,,0.02813,,,,,,,,,,,,,,,
PKG-9235,"16""x16"" 3/16"" Bubble Wrap",,,105.78,,,,,,,,,,,,,,,
INS-0262,U NUT M8 X 1.25 #14327,,,0.1508,,,,,,,,,,,,,,,
INS-0812,PC-528 Powder Metal Insert,,,0.1117,,,,,,,,,,,,,,,
PKG-5027,29.75X14.25 DIVIDER ECT32C,,,0.36,,,,,,,,,,,,,,,
INS-0333,PC409 INSERT-SLOTTED FOR BWA-6633,,,0.1332,,,,,,,,,,,,,,,
NYL-5507,22HSP Black,,,2.6864,,,,,,,,,,,,,,,
PKG-0031,"24-1/8"" x 15-1/4"" x 3-1/4"" Box Lid",,,0.56631,,,,,,,,,,,,,,,
NYL-9517,Zytel 70G33L BK031 Nylon Resin PA66-GF33,,,1.97,,,,,,,,,,,,,,,
INS-0308,PC-403 Bolt Insert,,,0.1174,,,,,,,,,,,,,,,
PKG-1014,"10"" x 14"" 3mil Poly Bag S-3650",,,0.06136,,,,,,,,,,,,,,,
INS-0372,04390082 HOSE RETAINING CLIP,,,0.24,,,,,,,,,,,,,,,
PKG-5011,27 3/4 X 19 3/4  32 ECT PAD,,,0.36425,,,,,,,,,,,,,,,
INS-0808,PC-529 Powder Metal Insert,,,0.1132,,,,,,,,,,,,,,,
INS0509A1,1/4 - 18 NPTF Threaded Brass Insert,,,0.35478,,,,,,,,,,,,,,,
INS-0755,U-NUT GMX 245 SHROUD,,,0.10303,,,,,,,,,,,,,,,
CLR-6400,UN55162 CORNFLOWER BLUE COL,,,14.42,,,,,,,,,,,,,,,
INS-9708,Clip 304SS Plain EFC,,,0.14305,,,,,,,,,,,,,,,
INS-0245,PC 388 BWA PN 381382,,,0.1083,,,,,,,,,,,,,,,
INS-0208,M6 NUT PN 1325147 REV A (VAL-4982/3/4),,,0.0065,,,,,,,,,,,,,,,
PPR-8854,Washington Penn PPH2TF4 Black,,,0.703,,,,,,,,,,,,,,,
INS-0507,12646TN CLIP BHR P/N 31944,,,0.0876,,,,,,,,,,,,,,,
PKG-5026,30X14.5X13.5 RSC ECT32C SINGLE WALLED BO,,,1.161,,,,,,,,,,,,,,,
INS-0026,PC-494 Powder Metal insert,,,0.0884,,,,,,,,,,,,,,,
PKG-2000,27 3/4 X 19 3/4   12 PT. PAD,,,0.074,,,,,,,,,,,,,,,
PKG-4048HT,"40"" x 48"" Heat Treated Skid",,,7.25,,,,,,,,,,,,,,,
INS-0045,P00188-M61-519 NUT (52460824),,,0.025,,,,,,,,,,,,,,,
